INSERT INTO cliente (cpf, nome, dataNasc) VALUES
('111.222.333-44', 'Carlos Pereira', '1985-07-23'),
('222.333.444-55', 'Fernanda Lima', '1990-04-15'),
('333.444.555-66', 'Roberto Souza', '1978-11-30'),
('444.555.666-77', 'Amanda Costa', '1995-09-12'),
('555.666.777-88', 'Luciana Mendes', '1988-01-05'),
('666.777.888-99', 'Paulo Santos', '1972-06-22'),
('777.888.999-00', 'Juliana Alves', '1993-03-14'),
('888.999.111-22', 'Rafael Monteiro', '1981-10-09'),
('999.111.222-33', 'Mariana Duarte', '1994-08-21'),
('111.333.555-77', 'Felipe Araújo', '1989-12-07'),
('222.444.666-88', 'Patrícia Gomes', '1986-02-19'),
('333.555.777-99', 'Gabriel Ferreira', '1991-05-25'),
('444.666.888-00', 'Beatriz Martins', '1987-09-29'),
('555.777.999-11', 'Leonardo Nascimento', '1996-04-02'),
('666.888.000-22', 'Isabela Barros', '1990-07-16'),
('777.999.111-33', 'Renato Farias', '1983-03-31'),
('888.000.111-44', 'Lívia Batista', '1997-11-05'),
('999.111.333-55', 'Thiago Rocha', '1976-06-18'),
('111.222.444-66', 'Camila Teixeira', '1984-10-24'),
('222.333.555-77', 'André Matos', '1992-12-12');

INSERT INTO colaborador (cpf, nome, cargo, registo_prof, escolaridade, salario) VALUES
('123.456.789-00', 'Roberto Martins', 'Dentista', 'CRD54321', 'Ensino Superior', 6000.00),
('987.654.321-00', 'Fernanda Silva', 'Recepcionista', 'REG67890', 'Ensino Médio', 2800.00),
('112.233.445-56', 'Marcelo Lima', 'Assistente Administrativo', 'REG56789', 'Ensino Médio', 3200.00),
('223.344.556-67', 'Juliana Farias', 'Técnico em Radiologia', 'CRTR12345', 'Ensino Técnico', 3800.00),
('334.455.667-78', 'Rodrigo Santos', 'Higienista', 'CRD99887', 'Ensino Superior', 4500.00),
('445.566.778-89', 'Paula Castro', 'Recepcionista', 'REG23456', 'Ensino Médio', 2600.00),
('556.677.889-90', 'Leonardo Almeida', 'Dentista', 'CRD87654', 'Ensino Superior', 5900.00),
('667.788.990-01', 'Isabela Torres', 'Auxiliar de Limpeza', 'REG98765', 'Ensino Fundamental', 1900.00),
('778.899.001-12', 'Victor Rocha', 'Assistente Administrativo', 'REG34567', 'Ensino Médio', 3100.00),
('889.900.112-23', 'Amanda Ribeiro', 'Técnico em Radiologia', 'CRTR67890', 'Ensino Técnico', 4000.00),
('990.011.223-34', 'Marcos Vinicius', 'Dentista', 'CRD11223', 'Ensino Superior', 6200.00),
('101.112.334-45', 'Larissa Oliveira', 'Recepcionista', 'REG55678', 'Ensino Médio', 2700.00),
('212.223.445-56', 'Gabriel Costa', 'Assistente Administrativo', 'REG76543', 'Ensino Médio', 3300.00),
('323.334.556-67', 'Renata Freitas', 'Higienista', 'CRD33445', 'Ensino Superior', 4600.00),
('434.445.667-78', 'Felipe Sousa', 'Técnico em Radiologia', 'CRTR34567', 'Ensino Técnico', 4100.00),
('545.556.778-89', 'Bianca Melo', 'Auxiliar de Limpeza', 'REG12389', 'Ensino Fundamental', 1800.00),
('656.667.889-90', 'Thiago Fernandes', 'Dentista', 'CRD99812', 'Ensino Superior', 6100.00),
('767.778.990-01', 'Carla Nunes', 'Recepcionista', 'REG89012', 'Ensino Médio', 2550.00),
('878.889.001-12', 'Lucas Gonçalves', 'Assistente Administrativo', 'REG34589', 'Ensino Médio', 3250.00),
('989.900.112-23', 'Bruna Vasconcelos', 'Higienista', 'CRD12354', 'Ensino Superior', 4700.00);

INSERT INTO telefone_cli (tel1, tel2, cliente_cpf) VALUES
('11987654321', '11976543210', '111.222.333-44'),
('11965432123', NULL, '222.333.444-55'),
('11954321678', '11943216543', '333.444.555-66'),
('11987651234', NULL, '444.555.666-77'),
('11999887766', '11988776655', '555.666.777-88'),
('11977665544', '11966554433', '666.777.888-99'),
('11955443322', NULL, '777.888.999-00'),
('11944332211', '11933221100', '888.999.111-22'),
('11922334455', NULL, '999.111.222-33'),
('11933445566', '11944556677', '111.333.555-77'),
('11911223344', NULL, '222.444.666-88'),
('11999887755', '11988776644', '333.555.777-99'),
('11977664433', NULL, '444.666.888-00'),
('11966554422', '11955443311', '555.777.999-11'),
('11944332299', NULL, '666.888.000-22'),
('11999881122', '11988771133', '777.999.111-33'),
('11977665533', NULL, '888.000.111-44'),
('11966554488', '11955443399', '999.111.333-55'),
('11944332277', NULL, '111.222.444-66'),
('11933221166', '11922110055', '222.333.555-77');

INSERT INTO tel_colab (tel1, tel2, colaborador_cpf) VALUES
('11987654321', '11976543210', '123.456.789-00'),
('11965432123', NULL, '987.654.321-00'),
('11954321678', '11943216543', '112.233.445-56'),
('11987651234', NULL, '223.344.556-67'),
('11999887766', '11988776655', '334.455.667-78'),
('11977665544', NULL, '445.566.778-89'),
('11966554433', '11955443322', '556.677.889-90'),
('11955443311', NULL, '667.788.990-01'),
('11944332299', '11933221188', '778.899.001-12'),
('11933221177', NULL, '889.900.112-23'),
('11922110066', '11911009955', '990.011.223-34'),
('11944332244', NULL, '101.112.334-45'),
('11999881122', '11988771133', '212.223.445-56'),
('11977665533', NULL, '323.334.556-67'),
('11966554488', '11955443377', '434.445.667-78'),
('11944332266', NULL, '545.556.778-89'),
('11933221155', '11922110044', '656.667.889-90'),
('11911009933', NULL, '767.778.990-01'),
('11999887711', '11988776622', '878.889.001-12'),
('11977665500', NULL, '989.900.112-23');

INSERT INTO despesa (iddespesa, colaborador_cpf) VALUES
(1, '123.456.789-00'), -- Roberto Martins
(2, '987.654.321-00'), -- Fernanda Silva
(3, '112.233.445-56'), -- Marcelo Lima
(4, '223.344.556-67'), -- Juliana Farias
(5, '334.455.667-78'), -- Rodrigo Santos
(6, '445.566.778-89'), -- Paula Castro
(7, '556.677.889-90'), -- Leonardo Almeida
(8, '667.788.990-01'), -- Isabela Torres
(9, '778.899.001-12'), -- Victor Rocha
(11, '889.900.112-23'), -- Amanda Ribeiro
(12, '990.011.223-34'), -- Marcos Vinicius
(13, '101.112.334-45'), -- Larissa Oliveira
(14, '212.223.445-56'), -- Gabriel Costa
(15, '323.334.556-67'), -- Renata Freitas
(16, '434.445.667-78'), -- Felipe Sousa
(17, '545.556.778-89'), -- Bianca Melo
(18, '656.667.889-90'), -- Thiago Fernandes
(19, '767.778.990-01'), -- Carla Nunes
(20, '878.889.001-12'), -- Lucas Gonçalves
(10, '989.900.112-23'); -- Bruna Vasconcelos

INSERT INTO compra (idcompra, data, valor, descricao, despesa_iddespesa) VALUES
(1 ,'2024-01-15 10:30:00', 250.00, 'Compra de material de escritório', 1),
(2, '2024-02-10 14:00:00', 550.00, 'Compra de material odontológico', 2),
(3, '2024-03-05 09:45:00', 1200.00, 'Compra de equipamento de radiografia', 3),
(4, '2024-03-20 16:30:00', 320.00, 'Compra de insumos médicos', 4),
(5, '2024-04-10 11:20:00', 450.00, 'Compra de produtos de limpeza', 5),
(6, '2024-04-25 13:15:00', 750.00, 'Compra de cadeira odontológica', 6),
(7, '2024-05-08 17:10:00', 210.00, 'Compra de luvas e máscaras', 7),
(8, '2024-06-12 09:55:00', 680.00, 'Compra de anestésicos', 8),
(9, '2024-07-18 15:25:00', 950.00, 'Compra de aparelho de ultrassom', 9),
(10, '2024-08-02 08:40:00', 1050.00, 'Compra de software de gestão clínica', 10),
(11, '2024-08-19 14:50:00', 400.00, 'Compra de aventais descartáveis', 11),
(12, '2024-09-05 10:15:00', 1350.00, 'Compra de autoclave', 12),
(13, '2024-09-22 12:35:00', 280.00, 'Compra de algodão e gaze', 13),
(14, '2024-10-07 11:00:00', 520.00, 'Compra de materiais para próteses', 14),
(15, '2024-10-21 15:45:00', 730.00, 'Compra de resinas dentárias', 15),
(16, '2024-11-03 16:10:00', 980.00, 'Compra de impressora 3D', 16),
(17, '2024-11-18 09:20:00', 470.00, 'Compra de papel higiênico e toalhas', 17),
(18, '2024-12-01 13:00:00', 1500.00, 'Compra de scanner intraoral', 18),
(19, '2024-12-10 10:45:00', 600.00, 'Compra de seladora térmica', 19),
(20, '2024-12-24 11:30:00', 250.00, 'Compra de adesivos e cimentos dentários', 20);

INSERT INTO endereco_colaborador (cpf, rua, numero, bairro, cidade, estado, cep) VALUES
('123.456.789-00', 'Rua das Flores', '123', 'Centro', 'São Paulo', 'SP', '01001-000'),
('987.654.321-00', 'Avenida Paulista', '456', 'Bela Vista', 'São Paulo', 'SP', '01310-000'),
('112.233.445-56', 'Rua do Comércio', '789', 'Pinheiros', 'São Paulo', 'SP', '05422-000'),
('223.344.556-67', 'Rua das Acácias', '10', 'Jardim América', 'São Paulo', 'SP', '01440-000'),
('334.455.667-78', 'Praça da Sé', '20', 'Sé', 'São Paulo', 'SP', '01001-300'),
('445.566.778-89', 'Rua da Paz', '30', 'Liberdade', 'São Paulo', 'SP', '01501-000'),
('556.677.889-90', 'Avenida Rio Branco', '40', 'Centro', 'Rio de Janeiro', 'RJ', '20040-001'),
('667.788.990-01', 'Rua da Praia', '50', 'Copacabana', 'Rio de Janeiro', 'RJ', '22070-001'),
('778.899.001-12', 'Rua das Laranjeiras', '60', 'Laranjeiras', 'Rio de Janeiro', 'RJ', '22240-002'),
('889.900.112-23', 'Avenida do Contorno', '70', 'Savassi', 'Belo Horizonte', 'MG', '30110-000'),
('990.011.223-34', 'Rua dos Inconfidentes', '80', 'Centro', 'Belo Horizonte', 'MG', '30140-000'),
('101.112.334-45', 'Rua da Liberdade', '90', 'Funcionários', 'Belo Horizonte', 'MG', '30150-000'),
('212.223.445-56', 'Avenida Afonso Pena', '100', 'Centro', 'Belo Horizonte', 'MG', '30130-000'),
('323.334.556-67', 'Rua Floriano Peixoto', '110', 'Centro', 'Curitiba', 'PR', '80010-000'),
('434.445.667-78', 'Rua XV de Novembro', '120', 'Centro', 'Curitiba', 'PR', '80020-000'),
('545.556.778-89', 'Avenida Sete de Setembro', '130', 'Centro', 'Curitiba', 'PR', '80040-000'),
('656.667.889-90', 'Rua das Noivas', '140', 'Batel', 'Curitiba', 'PR', '80420-000'),
('767.778.990-01', 'Rua da Alegria', '150', 'Água Verde', 'Curitiba', 'PR', '80050-000'),
('878.889.001-12', 'Avenida Ipiranga', '160', 'Centro', 'Porto Alegre', 'RS', '90040-000'),
('989.900.112-23', 'Rua dos Andradas', '170', 'Centro', 'Porto Alegre', 'RS', '90010-000');

INSERT INTO endereco_cliente (cpf, rua, numero, bairro, cidade, estado, cep) VALUES
('111.222.333-44', 'Rua da Paz', '101', 'Jardim das Flores', 'São Paulo', 'SP', '01010-001'),
('222.333.444-55', 'Avenida São João', '202', 'Centro', 'São Paulo', 'SP', '02020-002'),
('333.444.555-66', 'Rua das Acácias', '303', 'Vila Nova', 'São Paulo', 'SP', '03030-003'),
('444.555.666-77', 'Rua do Sol', '404', 'Bela Vista', 'São Paulo', 'SP', '04040-004'),
('555.666.777-88', 'Avenida das Américas', '505', 'Jardim América', 'São Paulo', 'SP', '05050-005'),
('666.777.888-99', 'Rua dos Lírios', '606', 'Morumbi', 'São Paulo', 'SP', '06060-006'),
('777.888.999-00', 'Avenida das Nações', '707', 'Alto da Boa Vista', 'São Paulo', 'SP', '07070-007'),
('888.999.111-22', 'Rua do Comércio', '808', 'Centro', 'São Paulo', 'SP', '08080-008'),
('999.111.222-33', 'Rua do Limoeiro', '909', 'Jardim São Paulo', 'São Paulo', 'SP', '09090-009'),
('111.333.555-77', 'Avenida Brasil', '1000', 'Bela Vista', 'São Paulo', 'SP', '10010-010'),
('222.444.666-88', 'Rua dos Sábados', '1111', 'Vila Mariana', 'São Paulo', 'SP', '11111-011'),
('333.555.777-99', 'Rua da Alegria', '1212', 'Santana', 'São Paulo', 'SP', '12121-012'),
('444.666.888-00', 'Avenida da Liberdade', '1313', 'Liberdade', 'São Paulo', 'SP', '13131-013'),
('555.777.999-11', 'Rua da Esperança', '1414', 'Vila Andrade', 'São Paulo', 'SP', '14141-014'),
('666.888.000-22', 'Rua das Estrelas', '1515', 'Vila Olímpia', 'São Paulo', 'SP', '15151-015'),
('777.999.111-33', 'Avenida do Futuro', '1616', 'Itaim Bibi', 'São Paulo', 'SP', '16161-016'),
('888.000.111-44', 'Rua das Palmeiras', '1717', 'Jardim Paulista', 'São Paulo', 'SP', '17171-017'),
('999.111.333-55', 'Avenida da Vitória', '1818', 'Pinheiros', 'São Paulo', 'SP', '18181-018'),
('111.222.444-66', 'Rua dos Encontros', '1919', 'Morumbi', 'São Paulo', 'SP', '19191-019'),
('222.333.555-77', 'Avenida do Sucesso', '2020', 'Centro', 'São Paulo', 'SP', '20202-020');


INSERT INTO faturamento (idfaturamento, procedimento, data, valor_recebido, cliente_cpf) VALUES
(1, 'Limpeza Dental', '2024-01-10', 150.00, '111.222.333-44'),
(2, 'Extração de Dente', '2024-02-15', 300.00, '222.333.444-55'),
(3, 'Clareamento Dental', '2024-03-20', 500.00, '333.444.555-66'),
(4, 'Consulta de Rotina', '2024-04-25', 100.00, '444.555.666-77'),
(5, 'Aplicação de Flúor', '2024-05-30', 80.00, '555.666.777-88'),
(6, 'Canal', '2024-06-05', 700.00, '666.777.888-99'),
(7, 'Prótese Dentária', '2024-07-10', 1200.00, '777.888.999-00'),
(8, 'Aparelho Ortodôntico', '2024-08-15', 1500.00, '888.999.111-22'),
(9, 'Restauração', '2024-09-20', 200.00, '999.111.222-33'),
(10, 'Implante Dentário', '2024-10-25', 2500.00, '111.333.555-77'),
(11, 'Limpeza Dental', '2024-11-30', 150.00, '222.444.666-88'),
(12, 'Extração de Dente', '2024-12-05', 300.00, '333.555.777-99'),
(13, 'Clareamento Dental', '2024-12-10', 500.00, '444.666.888-00'),
(14, 'Consulta de Rotina', '2024-12-15', 100.00, '555.777.999-11'),
(15, 'Aplicação de Flúor', '2024-12-20', 80.00, '666.888.000-22'),
(16, 'Canal', '2024-12-25', 700.00, '777.999.111-33'),
(17, 'Prótese Dentária', '2024-12-30', 1200.00, '888.000.111-44'),
(18, 'Aparelho Ortodôntico', '2024-12-31', 1500.00, '999.111.333-55'),
(19, 'Restauração', '2024-12-31', 200.00, '111.222.444-66'),
(20, 'Implante Dentário', '2024-12-31', 2500.00, '222.333.555-77');

INSERT INTO forma_pagamento (idforma_pagamento, tipo, parcelas, valor) VALUES
(1, 'Cartão de Crédito', 3, 150.00),
(2, 'Boleto', 1, 300.00),
(3, 'Dinheiro', 1, 500.00),
(4, 'Cartão de Débito', 1, 100.00),
(5, 'Transferência Bancária', 1, 80.00),
(6, 'Cartão de Crédito', 6, 700.00),
(7, 'Boleto', 12, 1200.00),
(8, 'Dinheiro', 1, 1500.00),
(9, 'Cartão de Débito', 1, 200.00),
(10, 'Transferência Bancária', 1, 2500.00),
(11, 'Cartão de Crédito', 3, 150.00),
(12, 'Boleto', 1, 300.00),
(13, 'Dinheiro', 1, 500.00),
(14, 'Cartão de Débito', 1, 100.00),
(15, 'Transferência Bancária', 1, 80.00),
(16, 'Cartão de Crédito', 6, 700.00),
(17, 'Boleto', 12, 1200.00),
(18, 'Dinheiro', 1, 1500.00),
(19, 'Cartão de Débito', 1, 200.00),
(20, 'Transferência Bancária', 1, 2500.00);

INSERT INTO agendamento (idagendamento, status, data, responsavel, descricao, cliente_cpf) VALUES
(1, 'Confirmado', '2024-01-10 09:00:00', 'Dr. João', 'Consulta de Rotina', '111.222.333-44'),
(2, 'Pendente', '2024-02-15 10:00:00', 'Dra. Maria', 'Extração de Dente', '222.333.444-55'),
(3, 'Cancelado', '2024-03-20 11:00:00', 'Dr. Carlos', 'Clareamento Dental', '333.444.555-66'),
(4, 'Confirmado', '2024-04-25 12:00:00', 'Dra. Ana', 'Aplicação de Flúor', '444.555.666-77'),
(5, 'Pendente', '2024-05-30 13:00:00', 'Dr. Roberto', 'Canal', '555.666.777-88'),
(6, 'Cancelado', '2024-06-05 14:00:00', 'Dra. Fernanda', 'Prótese Dentária', '666.777.888-99'),
(7, 'Confirmado', '2024-07-10 15:00:00', 'Dr. Marcelo', 'Aparelho Ortodôntico', '777.888.999-00'),
(8, 'Pendente', '2024-08-15 16:00:00', 'Dra. Juliana', 'Restauração', '888.999.111-22'),
(9, 'Cancelado', '2024-09-20 17:00:00', 'Dr. Rodrigo', 'Implante Dentário', '999.111.222-33'),
(10, 'Confirmado', '2024-10-25 18:00:00', 'Dra. Paula', 'Limpeza Dental', '111.333.555-77'),
(11, 'Pendente', '2024-11-30 09:00:00', 'Dr. Leonardo', 'Consulta de Rotina', '222.444.666-88'),
(12, 'Cancelado', '2024-12-05 10:00:00', 'Dra. Isabela', 'Extração de Dente', '333.555.777-99'),
(13, 'Confirmado', '2024-12-10 11:00:00', 'Dr. Victor', 'Clareamento Dental', '444.666.888-00'),
(14, 'Pendente', '2024-12-15 12:00:00', 'Dra. Amanda', 'Aplicação de Flúor', '555.777.999-11'),
(15, 'Cancelado', '2024-12-20 13:00:00', 'Dr. Marcos', 'Canal', '666.888.000-22'),
(16, 'Confirmado', '2024-12-25 14:00:00', 'Dra. Larissa', 'Prótese Dentária', '777.999.111-33'),
(17, 'Pendente', '2024-12-30 15:00:00', 'Dr. Gabriel', 'Aparelho Ortodôntico', '888.000.111-44'),
(18, 'Cancelado', '2024-12-31 16:00:00', 'Dra. Renata', 'Restauração', '999.111.333-55'),
(19, 'Confirmado', '2024-12-31 17:00:00', 'Dr. Felipe', 'Implante Dentário', '111.222.444-66'),
(20, 'Pendente', '2024-12-31 18:00:00', 'Dra. Bianca', 'Limpeza Dental', '222.333.555-77');

INSERT INTO procedimento (idprocedimento, descricao, custo, agendamento_idagendamento) VALUES
(1, 'Consulta de Rotina', 100.00, 1),
(2, 'Extração de Dente', 300.00, 2),
(3, 'Clareamento Dental', 500.00, 3),
(4, 'Aplicação de Flúor', 80.00, 4),
(5, 'Canal', 700.00, 5),
(6, 'Prótese Dentária', 1200.00, 6),
(7, 'Aparelho Ortodôntico', 1500.00, 7),
(8, 'Restauração', 200.00, 8),
(9, 'Implante Dentário', 2500.00, 9),
(10, 'Limpeza Dental', 150.00, 10),
(11, 'Consulta de Rotina', 100.00, 11),
(12, 'Extração de Dente', 300.00, 12),
(13, 'Clareamento Dental', 500.00, 13),
(14, 'Aplicação de Flúor', 80.00, 14),
(15, 'Canal', 700.00, 15),
(16, 'Prótese Dentária', 1200.00, 16),
(17, 'Aparelho Ortodôntico', 1500.00, 17),
(18, 'Restauração', 200.00, 18),
(19, 'Implante Dentário', 2500.00, 19),
(20, 'Limpeza Dental', 150.00, 20);

INSERT INTO registro (idregistro, recomendacao, detalhe, prescricao, cliente_cpf, colaborador_cpf) VALUES
(1, 'Manter higiene bucal', 'Paciente com gengivite leve', 'Uso de antisséptico bucal', '111.222.333-44', '123.456.789-00'),
(2, 'Evitar alimentos duros', 'Paciente com restauração recente', 'Analgésico se necessário', '222.333.444-55', '987.654.321-00'),
(3, 'Escovação após refeições', 'Paciente com cáries múltiplas', 'Flúor tópico', '333.444.555-66', '112.233.445-56'),
(4, 'Uso de fio dental diário', 'Paciente com placa bacteriana', 'Antibiótico oral', '444.555.666-77', '223.344.556-67'),
(5, 'Consulta de retorno em 6 meses', 'Paciente com implante recente', 'Analgésico e anti-inflamatório', '555.666.777-88', '334.455.667-78'),
(6, 'Evitar bebidas ácidas', 'Paciente com sensibilidade dentária', 'Creme dental específico', '666.777.888-99', '445.566.778-89'),
(7, 'Manter dieta equilibrada', 'Paciente com desgaste dentário', 'Suplemento de cálcio', '777.888.999-00', '556.677.889-90'),
(8, 'Uso de protetor bucal', 'Paciente atleta', 'Analgésico tópico', '888.999.111-22', '667.788.990-01'),
(9, 'Evitar fumar', 'Paciente com lesão na gengiva', 'Antisséptico bucal', '999.111.222-33', '778.899.001-12'),
(10, 'Consulta de retorno em 3 meses', 'Paciente com tratamento ortodôntico', 'Analgésico se necessário', '111.333.555-77', '889.900.112-23'),
(11, 'Manter higiene bucal', 'Paciente com gengivite leve', 'Uso de antisséptico bucal', '222.444.666-88', '990.011.223-34'),
(12, 'Evitar alimentos duros', 'Paciente com restauração recente', 'Analgésico se necessário', '333.555.777-99', '101.112.334-45'),
(13, 'Escovação após refeições', 'Paciente com cáries múltiplas', 'Flúor tópico', '444.666.888-00', '212.223.445-56'),
(14, 'Uso de fio dental diário', 'Paciente com placa bacteriana', 'Antibiótico oral', '555.777.999-11', '323.334.556-67'),
(15, 'Consulta de retorno em 6 meses', 'Paciente com implante recente', 'Analgésico e anti-inflamatório', '666.888.000-22', '434.445.667-78'),
(16, 'Evitar bebidas ácidas', 'Paciente com sensibilidade dentária', 'Creme dental específico', '777.999.111-33', '545.556.778-89'),
(17, 'Manter dieta equilibrada', 'Paciente com desgaste dentário', 'Suplemento de cálcio', '888.000.111-44', '656.667.889-90'),
(18, 'Uso de protetor bucal', 'Paciente atleta', 'Analgésico tópico', '999.111.333-55', '767.778.990-01'),
(19, 'Evitar fumar', 'Paciente com lesão na gengiva', 'Antisséptico bucal', '111.222.444-66', '878.889.001-12'),
(20, 'Consulta de retorno em 3 meses', 'Paciente com tratamento ortodôntico', 'Analgésico se necessário', '222.333.555-77', '989.900.112-23');

INSERT INTO folha_pag (idfolha_pag, valor, data, despesa_iddespesa) VALUES
(1, 5500.00, '2024-01-31', 1),
(2, 2500.00, '2024-01-31', 2),
(3, 3200.00, '2024-01-31', 3),
(4, 3800.00, '2024-01-31', 4),
(5, 4500.00, '2024-01-31', 5),
(6, 2600.00, '2024-01-31', 6),
(7, 5900.00, '2024-01-31', 7),
(8, 1900.00, '2024-01-31', 8),
(9, 3100.00, '2024-01-31', 9),
(10, 4000.00, '2024-01-31', 10),
(11, 6200.00, '2024-01-31', 11),
(12, 2700.00, '2024-01-31', 12),
(13, 3300.00, '2024-01-31', 13),
(14, 4600.00, '2024-01-31', 14),
(15, 4100.00, '2024-01-31', 15),
(16, 1800.00, '2024-01-31', 16),
(17, 6100.00, '2024-01-31', 17),
(18, 2550.00, '2024-01-31', 18),
(19, 3250.00, '2024-01-31', 19),
(20, 4700.00, '2024-01-31', 20);

INSERT INTO custos (idcustos, valor, data, descricao, despesa_iddespesa) VALUES
(1, 250.00, '2024-01-15', 'Compra de material de escritório', 12),
(2, 550.00, '2024-02-10', 'Compra de material odontológico', 1),
(3, 1200.00, '2024-03-05', 'Compra de equipamento de radiografia', 3),
(4, 320.00, '2024-03-20', 'Compra de insumos médicos', 20),
(5, 450.00, '2024-04-10', 'Compra de produtos de limpeza', 11),
(6, 750.00, '2024-04-25', 'Compra de cadeira odontológica', 16),
(7, 210.00, '2024-05-08', 'Compra de luvas e máscaras', 2),
(8, 680.00, '2024-06-12', 'Compra de anestésicos', 13),
(9, 950.00, '2024-07-18', 'Compra de aparelho de ultrassom', 14),
(10, 1050.00, '2024-08-02', 'Compra de software de gestão clínica', 16),
(11, 400.00, '2024-08-19', 'Compra de aventais descartáveis', 15),
(12, 1350.00, '2024-09-05', 'Compra de autoclave', 18),
(13, 280.00, '2024-09-22', 'Compra de algodão e gaze', 17),
(14, 520.00, '2024-10-07', 'Compra de materiais para próteses', 5),
(15, 730.00, '2024-10-21', 'Compra de resinas dentárias', 19),
(16, 980.00, '2024-11-03', 'Compra de impressora 3D', 4),
(17, 470.00, '2024-11-18', 'Compra de papel higiênico e toalhas', 6),
(18, 1500.00, '2024-12-01', 'Compra de scanner intraoral', 8),
(19, 600.00, '2024-12-10', 'Compra de seladora térmica', 9),
(20, 800.00, '2024-12-24', 'Compra de material de escritório', 10);

INSERT INTO lucro (faturamento_idfaturamento, forma_pagamento_idforma_pagamento) VALUES
(1, 1),
(2, 2),
(3, 3),
(4, 4),
(5, 5),
(6, 6),
(7, 7),
(8, 8),
(9, 9),
(10, 10),
(11, 11),
(12, 12),
(13, 13),
(14, 14),
(15, 15),
(16, 16),
(17, 17),
(18, 18),
(19, 19),
(20, 20);

INSERT INTO consulta (agendamento_idagendamento, colaborador_cpf) VALUES
(1, '123.456.789-00'),
(2, '987.654.321-00'),
(3, '112.233.445-56'),
(4, '223.344.556-67'),
(5, '334.455.667-78'),
(6, '445.566.778-89'),
(7, '556.677.889-90'),
(8, '667.788.990-01'),
(9, '778.899.001-12'),
(10, '889.900.112-23'),
(11, '990.011.223-34'),
(12, '101.112.334-45'),
(13, '212.223.445-56'),
(14, '323.334.556-67'),
(15, '434.445.667-78'),
(16, '545.556.778-89'),
(17, '656.667.889-90'),
(18, '767.778.990-01'),
(19, '878.889.001-12'),
(20, '989.900.112-23');

INSERT INTO laboratorio (idlaboratorio, nome, despesa_iddespesa) VALUES
(1, 'Laboratório A', 1),
(2, 'Laboratório B', 2),
(3, 'Laboratório C', 3),
(4, 'Laboratório D', 4),
(5, 'Laboratório E', 5),
(6, 'Laboratório F', 6),
(7, 'Laboratório G', 7),
(8, 'Laboratório H', 8),
(9, 'Laboratório I', 9),
(10, 'Laboratório J', 10),
(11, 'Laboratório K', 11),
(12, 'Laboratório L', 12),
(13, 'Laboratório M', 13),
(14, 'Laboratório N', 14),
(15, 'Laboratório O', 15),
(16, 'Laboratório P', 16),
(17, 'Laboratório Q', 17),
(18, 'Laboratório R', 18),
(19, 'Laboratório S', 19),
(20, 'Laboratório T', 20);

INSERT INTO endereco_lab (laboratorio_idlaboratorio, uf, cidade, bairro, rua, numero, cep, complemento) VALUES
(1, 'SP', 'São Paulo', 'Centro', 'Rua A', 123, '01000-000', 'Sala 1'),
(2, 'RJ', 'Rio de Janeiro', 'Copacabana', 'Rua B', 456, '22000-000', 'Apto 101'),
(3, 'MG', 'Belo Horizonte', 'Savassi', 'Rua C', 789, '30100-000', 'Loja 2'),
(4, 'RS', 'Porto Alegre', 'Moinhos de Vento', 'Rua D', 101, '90500-000', 'Sala 3'),
(5, 'PR', 'Curitiba', 'Batel', 'Rua E', 202, '80400-000', 'Apto 202'),
(6, 'SC', 'Florianópolis', 'Centro', 'Rua F', 303, '88000-000', 'Sala 4'),
(7, 'BA', 'Salvador', 'Barra', 'Rua G', 404, '40100-000', 'Apto 303'),
(8, 'PE', 'Recife', 'Boa Viagem', 'Rua H', 505, '51000-000', 'Loja 5'),
(9, 'CE', 'Fortaleza', 'Meireles', 'Rua I', 606, '60100-000', 'Sala 6'),
(10, 'DF', 'Brasília', 'Asa Sul', 'Rua J', 707, '70000-000', 'Apto 404'),
(11, 'GO', 'Goiânia', 'Setor Bueno', 'Rua K', 808, '74100-000', 'Sala 7'),
(12, 'ES', 'Vitória', 'Praia do Canto', 'Rua L', 909, '29000-000', 'Apto 505'),
(13, 'MT', 'Cuiabá', 'Centro', 'Rua M', 1010, '78000-000', 'Loja 8'),
(14, 'MS', 'Campo Grande', 'Jardim dos Estados', 'Rua N', 1111, '79000-000', 'Sala 9'),
(15, 'PA', 'Belém', 'Nazaré', 'Rua O', 1212, '66000-000', 'Apto 606'),
(16, 'AM', 'Manaus', 'Adrianópolis', 'Rua P', 1313, '69000-000', 'Loja 10'),
(17, 'MA', 'São Luís', 'Renascença', 'Rua Q', 1414, '65000-000', 'Sala 11'),
(18, 'PI', 'Teresina', 'Jóquei', 'Rua R', 1515, '64000-000', 'Apto 707'),
(19, 'RN', 'Natal', 'Ponta Negra', 'Rua S', 1616, '59000-000', 'Loja 12'),
(20, 'PB', 'João Pessoa', 'Tambaú', 'Rua T', 1717, '58000-000', 'Sala 13');

INSERT INTO telefone (tel1, tel2, laboratorio_idlaboratorio) VALUES
('11987654321', '11976543210', 1),
('21987654321', '21976543210', 2),
('31987654321', '31976543210', 3),
('51987654321', '51976543210', 4),
('41987654321', '41976543210', 5),
('48987654321', '48976543210', 6),
('71987654321', '71976543210', 7),
('81987654321', '81976543210', 8),
('85987654321', '85976543210', 9),
('61987654321', '61976543210', 10),
('62987654321', '62976543210', 11),
('27987654321', '27976543210', 12),
('65987654321', '65976543210', 13),
('67987654321', '67976543210', 14),
('91987654321', '91976543210', 15),
('92987654321', '92976543210', 16),
('98987654321', '98976543210', 17),
('86987654321', '86976543210', 18),
('84987654321', '84976543210', 19),
('83987654321', '83976543210', 20);

INSERT INTO servico (idservico, data, descricao, valor, laboratorio_idlaboratorio) VALUES
(1, '2024-01-10', 'Exame de Sangue', 150.00, 1),
(2, '2024-02-15', 'Exame de Urina', 100.00, 2),
(3, '2024-03-20', 'Raio-X', 200.00, 3),
(4, '2024-04-25', 'Ultrassom', 250.00, 4),
(5, '2024-05-30', 'Tomografia', 300.00, 5),
(6, '2024-06-05', 'Ressonância Magnética', 400.00, 6),
(7, '2024-07-10', 'Exame de Fezes', 80.00, 7),
(8, '2024-08-15', 'Teste de Gravidez', 50.00, 8),
(9, '2024-09-20', 'Exame de Glicose', 120.00, 9),
(10, '2024-10-25', 'Exame de Colesterol', 130.00, 10),
(11 ,'2024-11-30', 'Exame de Tireoide', 140.00, 11),
(12, '2024-12-05', 'Exame de HIV', 160.00, 12),
(13, '2024-12-10', 'Exame de Hepatite', 170.00, 13),
(14, '2024-12-15', 'Exame de PSA', 180.00, 14),
(15, '2024-12-20', 'Exame de Creatinina', 190.00, 15),
(16, '2024-12-25', 'Exame de Ureia', 110.00, 16),
(17, '2024-12-30', 'Exame de Hemograma', 90.00, 17),
(18, '2024-12-31', 'Exame de Vitamina D', 210.00, 18),
(19, '2024-12-31', 'Exame de Cálcio', 220.00, 19),
(20, '2024-12-31', 'Exame de Potássio', 230.00, 20);